id,profit
6701,7.416398227710237
6702,29.60762146822666
6703,0.6868753615256429
6704,4.410963909879924
6705,14.016513059462277
6706,54.25090661126133
6707,10.579877611516613
6708,17.447730276610443
6709,6.166990246954276
6710,-18.403745298853337
6711,-26.528137613625276
6712,8.927087104682398
6713,42.146100716681595
6714,14.464723354453561
6715,5.523933870189362
6716,4.479131042055216
6717,8.169265998207266
6718,38.32914158187461
6719,15.434986336621408
6720,3.3282642090006465
6721,12.045557481034448
6722,13.11576547595143
6723,16.129605725840367
6724,4.425647983171919
6725,4.0178742774277385
6726,-2.238882957252153
6727,-1.940634670947527
6728,-67.17169142267721
6729,-2.2940592381419425
6730,115.4727032951334
6731,-0.968979032683675
6732,7.039246548118008
6733,3.3661586072576917
6734,-0.507806741460996
6735,42.933780428065425
6736,0.48071305507840656
6737,-2.92874068442064
6738,5.596347756696979
6739,19.369048316847426
6740,856.9580773129369
6741,0.6939187462213003
6742,7.54826773206754
6743,-24.101380112176987
6744,36.88051332112296
6745,73.9361531577631
6746,12.28109997365642
6747,128.81974814729975
6748,149.49751756209503
6749,-23.127180706019118
6750,3.0070871063864164
6751,2.211999221938304
6752,36.72388948452362
6753,2.463041413300501
6754,5.874933274017346
6755,39.254684682784024
6756,53.17694439163547
6757,-66.76829988103393
6758,-19.778726087399235
6759,-135.72077183412415
6760,-33.01904975681502
6761,4.894660198901178
6762,18.102650779879816
6763,587.941265108823
6764,2.863643223627472
6765,5.1043335842782955
6766,17.243279760207916
6767,-0.4639211967005993
6768,28.993586559977807
6769,11.193636634695938
6770,25.118870502919055
6771,3.7118003711198875
6772,285.2466110997019
6773,-165.62950735860778
6774,1156.7256649342403
6775,-24.066906032678
6776,-10.448386620734922
6777,-75.95703258917482
6778,7.319612133495005
6779,0.6273485962873069
6780,46.00674691391592
6781,26.782615384476134
6782,6.34909852668088
6783,8.595040991267709
6784,13.950633803381585
6785,-13.999891889476979
6786,6.436547929996566
6787,199.04236439701515
6788,-2.4565674263743422
6789,-52.05498621578345
6790,-129.79036150693847
6791,-45.614016116197064
6792,-11.63974061432928
6793,-22.292381873333
6794,-47.88375454669475
6795,20.33252233461691
6796,13.178039128003414
6797,0.9946525834605908
6798,-1214.1636073798543
6799,7.316768748253487
6800,4.474037373333006
6801,288.5580986735175
6802,6.0725090758735005
6803,6.43718246222795
6804,-40.28717914698515
6805,8.37741278850955
6806,8.51494434566719
6807,-1.7961220285198216
6808,-1.826080639664695
6809,2459.235577705636
6810,55.6232339453122
6811,27.297736462009553
6812,0.00013270112659968802
6813,-90.5407497643742
6814,2.2284492705767778
6815,5.591732623697112
6816,48.961526683742235
6817,7.022465170604278
6818,9.438709356275979
6819,6.770392210534675
6820,15.639082626477975
6821,3.865563040686055
6822,58.152452252980126
6823,-36.36078819769327
6824,37.82154938643724
6825,7.852110161602789
6826,25.499057050373146
6827,1.0906363488584288
6828,7.861603129448484
6829,-1.4931410612012002
6830,11.870182492006954
6831,-5.796167650353067
6832,-2.461853659026681
6833,70.96975992810904
6834,15.318472432795087
6835,17.266438282963453
6836,12.439961188288919
6837,3.0096467135195235
6838,2.41086441013872
6839,27.963864851233485
6840,4.595823777947311
6841,5.123657525124745
6842,9.428907711846604
6843,14.926265987187977
6844,23.591597493654966
6845,6.587142264049881
6846,20.347321702937705
6847,3.2958075992449327
6848,-24.14786229124477
6849,4.970402335753624
6850,-21.890826910946075
6851,-5.3905051676974605
6852,-167.2494641219324
6853,58.30565368101358
6854,23.12353328240498
6855,-21.58965985759235
6856,22.037795600974967
6857,6.523498172063892
6858,13.922816426682768
6859,3.0588210850571365
6860,-232.50330549405663
6861,5.280850984637179
6862,44.64450006804725
6863,11.321163647856931
6864,1.195094626979691
6865,-2.2619015801222018
6866,2.359490128304832
6867,0.3638585606570201
6868,14.800505475615648
6869,27.99305746400548
6870,20.727593882956366
6871,105.56234915177137
6872,105.4046788392684
6873,99.2291329753765
6874,116.13415314948625
6875,20.037785206801892
6876,3.716334742254199
6877,7.609211496556558
6878,-4.8930059335922955
6879,230.06122801818768
6880,39.77820527364429
6881,-4.795533899590121
6882,9.594431479345225
6883,3.1526690057984115
6884,17.54086199816676
6885,10.98476007639571
6886,-227.29122120786437
6887,9.662124839422107
6888,5.19872120357908
6889,2.327957825139167
6890,4.982040815395893
6891,432.6432787214085
6892,-26.939584403607988
6893,0.775578745147687
6894,40.923823585818084
6895,29.311544302224107
6896,455.6375044969586
6897,1.3944328058013884
6898,-369.40738630021696
6899,10.37606571968853
6900,142.68770486051346
6901,-16.48343172507711
6902,21.637577505409723
6903,37.101418676719476
6904,72.02562151975565
6905,-1.668603230717976
6906,-5.095779787763336
6907,67.44331918490296
6908,11.037051011244458
6909,48.23754583507069
6910,13.76613822689158
6911,24.797036577087894
6912,25.275131892184373
6913,7.054426050704999
6914,26.080386100408937
6915,-14.50170278974672
6916,1.9074080385381533
6917,-13.745295737342412
6918,18.667656729682008
6919,2.3909869318388535
6920,-392.7955831551045
6921,3.7659998065950484
6922,14.257028394520518
6923,1.5386444354756792
6924,92.74824760430923
6925,17.875905263933088
6926,24.132276972252303
6927,8.317567636040243
6928,3.0662998646365867
6929,31.85609797964155
6930,232.81823512058122
6931,2.9696957691319885
6932,9.241861381938548
6933,6.004761026694908
6934,9.794896855707144
6935,16.213493688834742
6936,8.394203657291149
6937,-43.931933084466046
6938,6.751350193423619
6939,47.60207755530582
6940,4.312499148483513
6941,0.08766488352852497
6942,8.888002532837412
6943,76.7054382714833
6944,11.644447430421753
6945,8.060728145778864
6946,12.003826513158156
6947,2.2071392130992917
6948,11.057512092038781
6949,3.4609052241074294
6950,10.262818215323177
6951,17.229205181923156
6952,64.54062192542924
6953,-9.234758410209475
6954,11.871864313572976
6955,10.621353201691601
6956,5.846200777520293
6957,9.932242576373362
6958,6665.907861284259
6959,105.59658756582934
6960,8.291355415682343
6961,22.159397811360883
6962,156.6812095868851
6963,10.322973831978999
6964,48.37494357304547
6965,-2.6191114178202017
6966,53.62379104469851
6967,49.01585106746831
6968,1.9356008747740638
6969,62.16998448128335
6970,9.512324669309532
6971,3.650949384137494
6972,13.884980363548419
6973,301.2017143808674
6974,-68.90897048052778
6975,-367.6298995373834
6976,3.640163201861573
6977,33.70526703609588
6978,51.82839243035505
6979,3.8815231196871873
6980,11.208980013111823
6981,21.81578250886235
6982,14.742004380694874
6983,6.100884325054981
6984,54.29206750889353
6985,27.124715230127862
6986,70.19690808720793
6987,7.022080065066589
6988,28.281268295719403
6989,12.011803666029028
6990,14.7166927075829
6991,115.28719357212734
6992,1.4304455385027866
6993,1.2692999114890722
6994,78.7027583837569
6995,43.74669995809148
6996,23.417841992127343
6997,17.915848663318975
6998,80.96988479473407
6999,128.72894686050716
7000,2.6615163512015347
7001,107.13563445777385
7002,143.5076265531307
7003,63.31462000356084
7004,388.3623671259127
7005,8.41530596266415
7006,136.15153244441328
7007,12.644810881826208
7008,7.810485356861822
7009,133.44316084938447
7010,9.986502904674273
7011,10.444375511680214
7012,157.05305613104701
7013,-6.481946855492687
7014,14.580526849320329
7015,1.6119006246514576
7016,16.219221767194114
7017,5.256214418170012
7018,31.731085315417758
7019,10.889689541867298
7020,198.0574330064884
7021,35.599251413519255
7022,25.775188010349332
7023,20.19548196960441
7024,182.18535674879178
7025,-23.673653026264397
7026,14.377154827820315
7027,1310.8072407006675
7028,28.771017964246337
7029,-86.49544888582813
7030,0.09163224663407879
7031,-55.42565259953143
7032,18.583997396756857
7033,-69.34127805730006
7034,6.980702442728149
7035,80.4661547074718
7036,2.8160783787811643
7037,7.918312006251824
7038,2.9324500147253465
7039,1.5259065661334117
7040,6.237971000879044
7041,5.35188488979289
7042,22.496568453057186
7043,9.577272244827885
7044,-2.5668655590659806
7045,14.744481262757656
7046,676.0204728920561
7047,-33.14491650581931
7048,23.5808996733686
7049,-0.19589722832195944
7050,2.4143975073044412
7051,22.792935716587692
7052,56.566418987322685
7053,7.917775990304388
7054,4.5274198807272095
7055,8.706032563727069
7056,25.371137262620962
7057,64.06603539060403
7058,8.753617542661168
7059,-232.08384115931023
7060,-86.22721994910984
7061,-217.22484606394792
7062,-7.5587423963710645
7063,30.377572400059226
7064,4.021875233600123
7065,93.7193162464228
7066,87.34258457709068
7067,118.39994744902748
7068,12.001769922016885
7069,23.77354718205943
7070,3.4112272509030057
7071,8.630255341307898
7072,7.631496097653896
7073,6.648240141761771
7074,139.4551712219906
7075,20.955469695107062
7076,1.4398940089962267
7077,19.46729128308648
7078,10.551201066605199
7079,11.109525668340098
7080,40.26038313173621
7081,178.0521892859756
7082,10.18585471336225
7083,54.90971889103819
7084,0.2858480345485587
7085,73.32811275814966
7086,159.34052342281748
7087,11.255064390334823
7088,1.2413479223730064
7089,-6.472735537734324
7090,1.9761434566786684
7091,14.30285959458957
7092,7.6529015161376
7093,9.245065370458919
7094,27.532883145103398
7095,-0.8808701434878543
7096,-21.16462745586838
7097,18.545401858575573
7098,154.16979836503418
7099,18.96348485243822
7100,30.283417392647358
7101,96.65942493355502
7102,31.24196865831488
7103,1.9081212831923806
7104,34.2618444255247
7105,0.3344650356338008
7106,20.228036034420747
7107,58.05803414043184
7108,10.273347522959824
7109,27.814652755726925
7110,353.323546731226
7111,4.315005614493012
7112,-6.636854022589642
7113,2.432150098110367
7114,9.510271220985672
7115,28.11925976544572
7116,-82.83495173320779
7117,0.6999061716284978
7118,-3.8567375200686334
7119,10.013079518883373
7120,3.3308738255722217
7121,36.579503419485604
7122,-13.994602730747808
7123,-10.801658453034845
7124,-9.97931655384704
7125,-3.405706609829956
7126,8.377012666834823
7127,3.8929264364983034
7128,8.347299420953252
7129,50.28344067780611
7130,-107.08610264578503
7131,-11.972075613900689
7132,10.368000838127058
7133,-3.567456829551092
7134,23.19905014168736
7135,0.3887398707687961
7136,49.53951593426852
7137,88.27162526983098
7138,25.071106850046547
7139,41.81328220097554
7140,5.7908780852000845
7141,8.39731328909723
7142,51.72089060880758
7143,1.9340900652490067
7144,18.290445454714018
7145,26.96682380324922
7146,3.6955843366170704
7147,19.36649059510982
7148,9.105389015943945
7149,-22.262937606012642
7150,7.736173356607341
7151,5.964735934201277
7152,73.49717633535894
7153,20.00411862631316
7154,188.37791961327542
7155,32.224924304325526
7156,12.1938093729823
7157,-149.7609878039709
7158,411.4144829691228
7159,-9.991993979601288
7160,-51.14821368114791
7161,-1.8131610695225295
7162,19.54462691365338
7163,9.75232739821812
7164,16.267058683878403
7165,15.202992241241652
7166,19.60671421390923
7167,153.95464586314193
7168,-156.0914695721885
7169,10.205185924815561
7170,5.6144430853952185
7171,6.395990324259431
7172,-10.339845302277794
7173,14.338933882987103
7174,4.920021369924283
7175,246.10226565919402
7176,2.2383132325649386
7177,66.81223620923922
7178,65.13213487665277
7179,24.622739470908236
7180,5.994100060166747
7181,127.17496899578126
7182,-203.5605622360461
7183,-4.741847717008307
7184,2.5427914662990014
7185,43.46940279033281
7186,4.8120422982252435
7187,7.164387167861266
7188,6.9419087432133555
7189,3.9918446074620184
7190,124.11644509555494
7191,37.02692258993157
7192,177.33439692565815
7193,2.3367311751811197
7194,53.90710212033481
7195,12.532191105417725
7196,-9.397558016351311
7197,22.073898332300658
7198,29.537587904760343
7199,8.285682230092066
7200,-25.002066335419926
7201,5.931570479344549
7202,-4.5916976064566
7203,14.719850770729652
7204,24.07540440634053
7205,-245.44965545166207
7206,-13.442676823934338
7207,-6.967433607635678
7208,0.7227732767838022
7209,-13.472497069763829
7210,-2.9032574214527154
7211,6.442828241556702
7212,8.428546106964104
7213,13.237573958577833
7214,3.9075669839154297
7215,4.4462023102552495
7216,85.6195902257771
7217,10.176258183483933
7218,-30.077984196555917
7219,-6.339975064491778
7220,6.1080787849335065
7221,-0.6233656783708127
7222,-15.851634044469858
7223,8.276959889279524
7224,-44.73908343316689
7225,0.7872959513757705
7226,-9.414559795565358
7227,69.93357593398598
7228,16.675473734644765
7229,30.952833143950123
7230,-25.717875890431433
7231,4.636193338036643
7232,-5.233436903098711
7233,11.952501714298156
7234,-0.7258685281124265
7235,88.13326837214711
7236,-388.956302253609
7237,2.0607584621752726
7238,28.379302856254384
7239,-147.08287354085007
7240,-11.086620127065743
7241,2.31179016969203
7242,1.2702728759358934
7243,5.034678596595174
7244,-6.289389419620008
7245,7.392325328122448
7246,3.9818250773705373
7247,3.6336076335520495
7248,-59.96845929002312
7249,80.74581853338142
7250,17.104808911379628
7251,16.794982007548796
7252,2.698523259522204
7253,10.151547088490037
7254,-1.8814830796779318
7255,7.830902066545848
7256,-2.0844755841001215
7257,3.0849485082375008
7258,38.5446517432181
7259,3.4145832162618484
7260,-0.7743706131978337
7261,-5.081610893587596
7262,-2.827117927349822
7263,2.110634010047429
7264,37.31380000355534
7265,22.607261364290785
7266,-19.846492866369005
7267,-4.515596964857934
7268,4.818217767337034
7269,6.320697032984965
7270,13.807738596489276
7271,7.837448156807117
7272,8.996345522680716
7273,24.85436706925755
7274,30.032646022750235
7275,-1.5980401176885166
7276,1.9987495165348077
7277,10.57082105545459
7278,16.781556635541428
7279,11.082198123513688
7280,-45.63916020366696
7281,30.900299957285753
7282,1.7499303665503727
7283,-6.925132339817381
7284,-2301.5548801540986
7285,-2.755557711342855
7286,-5.51759188970173
7287,-102.23844985086707
7288,-308.68686992072287
7289,-3.0361252852444274
7290,15.85839991448395
7291,20.978312012497454
7292,1.0748046564714289
7293,9.356225324449992
7294,22.478841067424526
7295,1315.00766024303
7296,640.0363731524665
7297,10.187068783159269
7298,108.73382699379955
7299,95.63506471042342
7300,40.29364374234834
7301,67.05669427847644
7302,4.551516739297705
7303,11.48591953351771
7304,6.602476824470157
7305,92.77476549557514
7306,4.517212743988179
7307,50.83995174618345
7308,3.3801439725245066
7309,8.398995839146043
7310,28.64501263420034
7311,10.097798920359276
7312,20.382253469662757
7313,14.883314634580417
7314,3.079571529445447
7315,43.09078796775166
7316,14.955939709442145
7317,1079.479931881719
7318,20.231115662498027
7319,3.3558192101164335
7320,3.1464011674653083
7321,46.84976740490051
7322,5.042498852985449
7323,31.537034868489396
7324,9.838867049070519
7325,85.30044897788287
7326,113.11442688141238
7327,2.9994974409486668
7328,8.918253896155301
7329,5.151397318111064
7330,0.6930569731563659
7331,38.7218872950013
7332,12.429311644607917
7333,-11.682598816828781
7334,4.875422215156108
7335,7.693833481405869
7336,62.87955031735782
7337,0.7422549836667746
7338,12.52470725385778
7339,5.938046331307003
7340,4.179209309094873
7341,4.067405754979002
7342,-6.767544957739336
7343,10.274317056063605
7344,25.052919613570538
7345,5.2552169827559325
7346,1.2469415820702534
7347,1.0445007943589166
7348,36.94480889208154
7349,-10.375141359963308
7350,1.142709109623973
7351,-9.986067198412636
7352,26.34966453684343
7353,3.2733370640106156
7354,69.54815202144904
7355,8.907040720345972
7356,-36.56182789467197
7357,-10.210515564784863
7358,-4.858568531051988
7359,6.473247139482918
7360,41.03053105188134
7361,50.41550164080499
7362,3.43501100261536
7363,267.288629312617
7364,-28.450852231016448
7365,264.77803290520353
7366,16.27133241085712
7367,4.130763210924892
7368,2.2510766601993195
7369,8.927528898711135
7370,4.632342248145617
7371,-1.9440678415922816
7372,24.684483040500197
7373,48.0418041325615
7374,17.367439624876198
7375,12.078087555981725
7376,7.074318062094726
7377,19.119635305912624
7378,2.584288530115966
7379,0.7159151756478096
7380,3.8795215052260357
7381,13.380458500403478
7382,-22.339890780521504
7383,10.27758839763895
7384,63.645961700323355
7385,-4.499482150455182
7386,14.319831910918356
7387,52.13541240613664
7388,8.918722584479534
7389,4.222701103292264
7390,3.1750887583098555
7391,18.894583498954205
7392,14.033705456361616
7393,92.9070228340223
7394,0.8445298534005968
7395,11.622223806770066
7396,2.138780932627693
7397,11.645770089187977
7398,32.63971206771214
7399,1.4909603482808795
7400,95.52669279664453
7401,2.617091272261401
7402,10.6085537306626
7403,8.474878842575608
7404,7.539070749602262
7405,3.4655809250623157
7406,99.55177484299782
7407,19.109719564388634
7408,-4.768124645582396
7409,16.68934782127819
7410,135.54332110067938
7411,105.7758181649967
7412,5.0546349933809065
7413,226.60321677141565
7414,-45.423229860239914
7415,11.44405795130746
7416,4.667875290623044
7417,12.91479532924171
7418,-0.5436579124227395
7419,-10.627880314945008
7420,17.99541958782225
7421,1.1700094084455548
7422,3.120809125504063
7423,6.214869446127146
7424,-0.7137126786343391
7425,-14.023173217986775
7426,-3.6628283164091853
7427,-5.315947384562003
7428,7.891801677762718
7429,54.74982319161607
7430,8.541111409474778
7431,54.55286787405536
7432,13.074438013113635
7433,33.79308965639631
7434,202.00034946487398
7435,26.87524810315384
7436,21.2795697673305
7437,-16.590434530018705
7438,1.8124407595167826
7439,30.264371904062823
7440,86.212226124827
7441,84.18414170201504
7442,99.49085610297199
7443,88.19191243662692
7444,-26.335196142418955
7445,169.8391622758784
7446,1.3093837764325147
7447,9.290450598689462
7448,63.831673918194596
7449,-20.68760694356348
7450,-6.686657550236953
7451,21.249622281913066
7452,4.838465571916364
7453,28.06545277838171
7454,9.815544296557347
7455,31.902308819819154
7456,2.7313696959980693
7457,-82.01922749214853
7458,9.69191316976466
7459,2.0959999351473195
7460,-76.90038272215892
7461,8.860989924490339
7462,18.67714744538033
7463,1.8452000820883536
7464,3.934859089817355
7465,44.78517480367424
7466,0.02798630218110043
7467,3.70126760816614
7468,-11.808849374181516
7469,-20.526108352319252
7470,-4.507176913814596
7471,17.370228365285588
7472,-51.86707107193521
7473,5.160173671323996
7474,66.50762410272053
7475,-2.848180538472536
7476,-11.16207057624906
7477,113.57458486628357
7478,15.989766917598132
7479,16.54985383281004
7480,3.069614650921647
7481,1.8560786837890286
7482,5.697096767281354
7483,1.4925497729771169
7484,-53.61675800830408
7485,0.17979885385096606
7486,-2.803074243821947
7487,14.886655161148866
7488,210.80311398283527
7489,37.525019001634206
7490,0.9380029551683091
7491,7.2272358825326615
7492,0.3223270771302853
7493,59.464495829159645
7494,6.3200013031517415
7495,8.186718923859999
7496,5.700331843360946
7497,28.580541981385622
7498,172.7917296067301
7499,7.9800460969983025
7500,23.828423504588347
7501,10.465749077805611
7502,12.686370870733295
7503,86.48975853004427
7504,28.41687983527623
7505,2.2935810780299493
7506,-1.817921732166043
7507,5.40859614345986
7508,6.974923592051363
7509,12.373261911243926
7510,12.722138401753961
7511,-3.0047422519355895
7512,-163.69399048920985
7513,16.75023536720409
7514,4.454213285295681
7515,0.7219212168238232
7516,80.59159041893375
7517,27.25111116335584
7518,18.184585434910776
7519,-24.676059809593664
7520,-146.29881020680313
7521,67.94465612202247
7522,-33.1651839852302
7523,85.238841753923
7524,35.062676536780685
7525,38.98437091563207
7526,26.22709735223693
7527,30.745751760745428
7528,362.6224723240908
7529,1.8204229553277527
7530,140.69388029323804
7531,23.978875274218893
7532,22.531970829692924
7533,52.62727316847112
7534,-6.497466383273129
7535,-54.3431160944741
7536,-1.0297081680573674
7537,-0.8145911311011205
7538,1.0145212812203654
7539,2.8399436745705744
7540,15.723689495922999
7541,-0.8897289563813859
7542,-348.4747817094249
7543,109.53084644573045
7544,-2.223706681182243
7545,2.1130326467705394
7546,30.84230322806414
7547,45.94980625323987
7548,7.9858724748826955
7549,17.09903547676334
7550,15.834712667507295
7551,10.562058157553562
7552,108.97318717020747
7553,12.675891489431017
7554,7.40740675171107
7555,4.291375792741055
7556,-24.02497567898063
7557,-127.25044065673775
7558,-49.24617566719097
7559,0.8510635627358492
7560,20.492042823104622
7561,9.185598626099008
7562,11.838354775884332
7563,4.2857343884656185
7564,56.660229964424346
7565,14.704001232558701
7566,914.6930821085211
7567,-17.586325953097386
7568,-5.667942708297519
7569,11.904337358429618
7570,416.47511829769473
7571,175.5202804702631
7572,104.78188900519092
7573,7.854039787580301
7574,152.27776109769457
7575,2.3239902614746804
7576,-96.35591204222393
7577,5.875401319172169
7578,466.4308761691793
7579,26.21138329574893
7580,153.14583029817334
7581,200.8119000206878
7582,10.5177236654764
7583,-10.478178393996917
7584,5.843134326716026
7585,15.558057652585804
7586,-3.181757741346291
7587,27.44491245002
7588,0.8192415715375081
7589,4.018488920926889
7590,11.823002550394872
7591,21.781656305488053
7592,71.1808981801891
7593,30.864606681605327
7594,-45.129871679629545
7595,-0.18755006952112885
7596,22.81584133750148
7597,78.80029656250966
7598,27.979413220370375
7599,4.676224778247681
7600,18.259738896925818
7601,20.017476722913457
7602,-3.8236754977076677
7603,42.56240702433898
7604,15.850497109786737
7605,66.80385495956439
7606,10.110832378831471
7607,56.278357692669296
7608,17.37629870381484
7609,9.544074435975237
7610,0.34472469424083396
7611,8.303079988002336
7612,2.74691942920891
7613,-295.13848878397204
7614,17.927554105214035
7615,-4.791382938062897
7616,3.0757657719656395
7617,13.036077775944577
7618,15.172760560376034
7619,0.6963012845403216
7620,5.8416560329051785
7621,-10.229837056772416
7622,2.873154799603445
7623,7.579701271680975
7624,0.206526130303626
7625,41.40426355320908
7626,-41.89574405355481
7627,6.2162702315024605
7628,11.815549121419187
7629,19.254681398212263
7630,48.74570121160819
7631,3.223677658819141
7632,69.04930661500333
7633,4.999349944093037
7634,16.282109577875975
7635,12.266288973865604
7636,-58.43434643751936
7637,-10.069531922552176
7638,0.47188600880172166
7639,11.940989340444856
7640,-5.8928602165022
7641,7.2216803735933235
7642,114.14858537905775
7643,1.267791720003163
7644,-30.441512584601355
7645,34.638899625772055
7646,2.4251422953157813
7647,219.86230138494432
7648,11.89949925923553
7649,-8.973363651418175
7650,-28.94081063227558
7651,-5.268829887446905
7652,-4.65939355344206
7653,139.1464547756401
7654,23.28653453274162
7655,15.41355868778393
7656,6.7156780983622895
7657,17.355178245230213
7658,51.25571964950764
7659,28.441409764728895
7660,40.85036596898809
7661,8.918651997398442
7662,6.704466957684889
7663,9.537169027503698
7664,93.9109373810941
7665,-10.762684507111404
7666,74.1078602184412
7667,3.7976486773146227
7668,19.461875443102123
7669,36.17365667651122
7670,-12.694627288473512
7671,5.46696822616607
7672,-1.415948291405484
7673,-11.710063448124313
7674,-9.08240908901105
7675,1517.176935361647
7676,27.209723794500242
7677,70.28220072325429
7678,17.52703996187428
7679,25.295061625595288
7680,46.836621348224384
7681,23.84338287439151
7682,-0.37129386221685223
7683,-14.157162198471978
7684,-8.109667399562728
7685,-7.569792859082414
7686,-36.0588190561825
7687,114.25328385158686
7688,218.65376415894474
7689,70.909835603157
7690,373.03121938887625
7691,265.8218550134549
7692,82.23086376649665
7693,6.256007683016184
7694,88.63881530047556
7695,2.1309356602501497
7696,301.6748258257145
7697,19.854755958931356
7698,3.311671202937845
7699,15.528220407156077
7700,183.78671177391453
7701,7.840505408987955
7702,9.310019963073572
7703,-55.47886191067883
7704,-47.83296277410498
7705,-85.28145041409448
7706,27.99854455141723
7707,-352.518969559751
7708,33.294561028656815
7709,10.109634679755441
7710,116.93273036109164
7711,-29.36646758621225
7712,-9.704623825146959
7713,1.3464777056062887
7714,25.085065891229657
7715,98.86822220699892
7716,53.40402034735811
7717,35.94127005509279
7718,11.072719359426767
7719,9.310676193529318
7720,0.6592170228145561
7721,14.752914372066229
7722,-376.6649778494593
7723,4.781442907956116
7724,1.8833360717642997
7725,45.53092066224232
7726,13.827471680875048
7727,-5.218493541602201
7728,-5.817480431900872
7729,188.3261804328104
7730,22.309981484512896
7731,-0.19740309116799448
7732,12.970117063379513
7733,0.3891649604006767
7734,4.19179564026052
7735,160.86949098729394
7736,146.34423293233942
7737,56.24560141961543
7738,60.3240748214713
7739,-71.6402776480781
7740,-111.45394468206607
7741,4.609784815150649
7742,-7.668432764888486
7743,16.261833134308123
7744,30.85731125307715
7745,6.463040089990738
7746,138.60704633609282
7747,32.8269333528197
7748,9.674405164864723
7749,47.59703496193207
7750,29.244442264334236
7751,0.6200634163253651
7752,37.18411281368272
7753,22.24723816000779
7754,-1.5527829351771611
7755,5.239086980943496
7756,9.585969588450288
7757,7.391873405060495
7758,2.4217741133233797
7759,-13.740260726971009
7760,49.93906133085973
7761,4.783332015188815
7762,-22.319838640567017
7763,58.29735713221765
7764,7.132065633135933
7765,3.187014669094612
7766,6.773115173453323
7767,-9.081997095191644
7768,2.165048942475282
7769,28.654733270330304
7770,28.27741669353635
7771,7.647123916993548
7772,-20.899613329335274
7773,130.14000189382568
7774,-2.4894016677063
7775,8.748783308323882
7776,-0.6847461928815198
7777,-57.410052556230255
7778,-18.47929016037277
7779,-138.77252815681493
7780,-75.1851457986053
7781,10.452289643439373
7782,2.76132006510335
7783,3.50509211241382
7784,-2.3384733325329075
7785,11.962600532927599
7786,-33.880153489830484
7787,28.605113586483032
7788,70.0913076346882
7789,549.1826821463667
7790,659.9030570171377
7791,23.09837039660409
7792,12.54280512598045
7793,9.173723204302004
7794,5.255230041643076
7795,-2.105781784439131
7796,8.775725781474277
7797,14.749293439541422
7798,8.626405154387939
7799,4.066308288562082
7800,8.383247949231333
7801,349.5663737808588
7802,12.03825074104252
7803,6.0640055513075986
7804,-0.369749478640513
7805,-1.5444476758098302
7806,7.360308385504622
7807,31.239255453666786
7808,5.4581179698208535
7809,9.782491039747498
7810,3.762306052270892
7811,13.531749464916407
7812,-15.095974856762075
7813,23.72967786541416
7814,17.849002351112652
7815,152.13340965704532
7816,3.3053360776461336
7817,4.691059539124984
7818,7.0731336434042476
7819,9.129610805040198
7820,-4.889421821105412
7821,1.0091068214280248
7822,-27.260952446682076
7823,7.0830944536905855
7824,-2.881281376636772
7825,6.212662771713021
7826,5.343158169662132
7827,0.6734718499131556
7828,21.699377932670487
7829,10.712259975479
7830,8.467255283974014
7831,13.640924749861124
7832,22.639851912796743
7833,4.48244239779377
7834,-43.377691388678386
7835,183.419456220343
7836,6.264456623249634
7837,-9.733419460029506
7838,54.9079427815802
7839,1.1224955994879955
7840,1.302637025230084
7841,9.235841671493041
7842,50.5017411202245
7843,43.20981386192266
7844,13.789044831167946
7845,16.716705604235486
7846,106.13842440806705
7847,26.59688669259016
7848,39.2121344531312
7849,4.187438390301509
7850,14.35565732226408
7851,-145.201485170211
7852,2.54731758368999
7853,8.412488396818283
7854,6.367532050864593
7855,1.7893195429296038
7856,4.6960394260503655
7857,4.910897195724312
7858,6.645644556266294
7859,8.32069364735392
7860,57.59907292392165
7861,-2.8417798335509423
7862,24.907982477584156
7863,15.482050538356019
7864,47.007320683163904
7865,4.6464507054676965
7866,17.42133714623293
7867,0.6796103929243055
7868,-12.10522958503222
7869,-0.4601448408356742
7870,12.382198575930897
7871,17.609842265630263
7872,-4.030897573157748
7873,48.89235907446732
7874,5.553116570376513
7875,5.744793469702468
7876,86.09729588365548
7877,-21.832901752651033
7878,-39.74970582156893
7879,-26.70837944214015
7880,11.08493413726262
7881,12.32661588945105
7882,13.161507143867976
7883,25.740841209933684
7884,7.711570477390641
7885,-5.571413841859819
7886,18.505913686285716
7887,7.068175442654727
7888,-0.8732640947923156
7889,98.83972220783787
7890,-10.77741829294375
7891,-158.98473932576672
7892,-3.2740941104335093
7893,6.521282593110787
7894,-16.094338130107502
7895,4.326292927866675
7896,2.886435807495837
7897,13.527358895779706
7898,1.2516101349249211
7899,47.86204746689653
7900,13.873168414916272
7901,44.92510677960088
7902,15.082170930809113
7903,164.844319795461
7904,14.541606125181495
7905,27.02289157187755
7906,-3.5088338984000496
7907,84.76517445320584
7908,-436.2139748977617
7909,1.4408966714877618
7910,4.98956046314202
7911,-5.444434145397501
7912,1.8319747274704556
7913,108.61798177216801
7914,-22.821421969109853
7915,-2.6677300185943933
7916,1.6245288455151445
7917,-5.157298219297696
7918,7.805711730566561
7919,132.0091533517816
7920,20.321176685059893
7921,38.58105737028535
7922,30.559552406209463
7923,112.61254444637842
7924,337.34812652401763
7925,6.634327299212573
7926,53.50069528679964
7927,18.92409557394545
7928,4.863189157723515
7929,22.671054659165396
7930,3.9953546254375922
7931,10.395185255422767
7932,16.147136976977194
7933,15.243165640441964
7934,108.7893578272599
7935,43.348765898083954
7936,58.54259707981181
7937,23.027623681808358
7938,63.051731669200336
7939,11.832757009395173
7940,-72.58003889265727
7941,18.252949577156144
7942,27.856056415614482
7943,10.10400876074507
7944,4.6336908317523084
7945,10.94833881357734
7946,16.80885482236475
7947,8.96316992749395
7948,43.9950102969749
7949,-46.76248198611346
7950,6.280949735092289
7951,462.5882239456141
7952,6.330389948495059
7953,76.32876347638205
7954,18.909253987784414
7955,0.9993717516038587
7956,6.810131756041278
7957,116.7132328870477
7958,124.7096223051891
7959,5.3483993934049785
7960,30.458770969745512
7961,14.212143821716387
7962,614.0580862234017
7963,9.291909509882895
7964,0.10144259167059355
7965,2.9486255547301967
7966,-0.7345221877635835
7967,-48.11040558090163
7968,-18.104143267084314
7969,5.812295564405488
7970,-49.47222865092587
7971,617.5173391958369
7972,15.840702036643258
7973,10.704271834679428
7974,6.071801321739107
7975,172.7681505255116
7976,9.274890172375814
7977,11.619486854694777
7978,5.749625248843097
7979,59.11747888523192
7980,4.372550472392893
7981,4.152672900534075
7982,2.848723215762453
7983,5.065050391118793
7984,2.063972432152698
7985,8.676458247949268
7986,1.0536381102740744
7987,-10.741405899995653
7988,16.98753174992789
7989,-0.5386734226641786
7990,6.1620670611942145
7991,6.831656276041792
7992,7.187424612656334
7993,6.561181054299336
7994,78.19582646109029
7995,-61.28301046448668
7996,5.84770685296137
7997,-84.75558007979234
7998,-4.4070965284170285
7999,0.8568500172653656
8000,54.54366054080837
8001,2.647465316049888
8002,2.093610248975367
8003,10.902804785064202
8004,3.152427498091433
8005,43.719429827815254
8006,55.42250590420605
8007,259.9719643334418
8008,10.00460825264477
8009,13.455901253528523
8010,34.94542379759384
8011,7.232590594289339
8012,11.036093390325247
8013,28.693645706305098
8014,5.563917186427735
8015,-289.80592476844356
8016,9.157919061882584
8017,64.19620732095967
8018,73.63650311063472
8019,53.102654938861576
8020,-7.604602797206542
8021,8.204471873582214
8022,81.29140244795578
8023,0.9338780910848579
8024,21.803725041255063
8025,80.24330488685604
8026,25.65101597611327
8027,111.5195901506599
8028,10.78177570673251
8029,-58.62923543947334
8030,10.551754603766366
8031,14.532725843048894
8032,236.4543492163562
8033,692.2322109704335
8034,-5.67733737306585
8035,114.83953681089544
8036,11.192492656531785
8037,22.748046527585892
8038,8.191357814845263
8039,2.126440504808035
8040,22.221179913484686
8041,-21.501355054674057
8042,5.295881506876989
8043,12.494263168329276
8044,24.742612768573974
8045,8.20345891573689
8046,-0.17454064193865437
8047,51.76469419912145
8048,2.5219749601833916
8049,22.27593172510082
8050,7.962209876444094
8051,41.26023536290971
8052,76.00954887213831
8053,3.3806898198787954
8054,-580.1745196841034
8055,1.2367696877976715
8056,15.860813159371768
8057,-11.340257766630469
8058,0.49358579089345
8059,14.873972651484674
8060,-48.7271841880545
8061,1.260022324693363
8062,3.7189562899863517
8063,11.582123507574703
8064,89.69228437391041
8065,3.728396376466066
8066,52.24592638072965
8067,6.690024462869188
8068,4.133899842758672
8069,-16.463838596232115
8070,79.28808196379534
8071,19.958614106846674
8072,175.3659346018039
8073,-1.3054049040462417
8074,-9.744528106782763
8075,9.434102115308868
8076,12.159501827982336
8077,39.70483321109848
8078,26.160957044279968
8079,3.616946686335044
8080,1.19356063256991
8081,-138.89252578200916
8082,133.96266695431282
8083,112.81332357327842
8084,26.88413876509214
8085,74.36762436048404
8086,-12.785943476604523
8087,37.636330126110806
8088,10.633495946010942
8089,10.383723149040133
8090,35.419151622988196
8091,415.5296911970754
8092,9.33770588034638
8093,41.00688438136383
8094,4.359984551187576
8095,12.389121104278967
8096,-16.72260544179185
8097,6.823892105697383
8098,44.44010526293066
8099,29.696962457950555
8100,29.36353160433486
8101,4.832577527811083
8102,44.6835133251037
8103,63.1537977689667
8104,23.791380137663815
8105,131.6617954363128
8106,9.612038486203804
8107,25.70918747173891
8108,6.9181130349909425
8109,21.114349522286613
8110,6.4290774263743735
8111,13.38198722120098
8112,1003.0626162386816
8113,-19.33469106230835
8114,8.87301665170078
8115,3.579336114007283
8116,8.587447786320494
8117,-116.57129176655454
8118,666.3403559319866
8119,15.362850952612064
8120,1.44009280802439
8121,50.760995132300465
8122,3.8015890518697137
8123,77.26229845828382
8124,9.199431258284655
8125,-24.44128446221258
8126,-10.110561915251626
8127,3.1199476331917726
8128,60.131983927093096
8129,340.30324686031315
8130,382.618733452362
8131,745.904096099792
8132,141.52598894121274
8133,17.88970187828925
8134,0.36592303333773735
8135,-8.845111556610512
8136,6.110060677997184
8137,168.65409863458996
8138,-3.47890731428533
8139,8.383576653152323
8140,34.865819482535535
8141,9.098044028578892
8142,4.297903071289969
8143,35.42648476544436
8144,14.629827723614305
8145,11.74901831265339
8146,7.96435841959579
8147,213.7894771387823
8148,12.2142300703985
8149,10.001028576833136
8150,3.871663291311235
8151,9.233251845874118
8152,2.5092162630400554
8153,44.607587502105886
8154,36.29251526113619
8155,2.8944702671155773
8156,8.311127197092512
8157,9.346884016474483
8158,-8.038132495114324
8159,23.47346572573932
8160,14.484168822032068
8161,-0.9815923811122873
8162,-2.7104517617509023
8163,1.0747416558904384
8164,35.847022132704396
8165,-5.396621536185374
8166,-1.2353084148336344
8167,93.70157473123395
8168,156.115486388909
8169,2.8353259602930097
8170,49.326164385992776
8171,188.97346459972175
8172,5.850463056457446
8173,-5.561846860322621
8174,-3.006576784374246
8175,-14.501878048830362
8176,26.45960793677322
8177,221.7780317847707
8178,0.6717697566571107
8179,18.98590530306158
8180,94.01399929765266
8181,55.51328284434921
8182,0.6457693447384911
8183,-0.21450439162720114
8184,-2.778625667708693
8185,-83.49517794192403
8186,22.909326722979493
8187,-72.47455494582604
8188,11.458573080686637
8189,-184.21078615790674
8190,9.622823009343524
8191,84.25310143664666
8192,-0.47753172862873383
8193,15.010230975852618
8194,1.1908801881805464
8195,45.11271106937405
8196,89.03866296214079
8197,293.96228248584384
8198,8.437245885089187
8199,15.23509839646889
8200,54.10177842291721
8201,272.570175397042
8202,40.15127835017194
8203,0.892716158066483
8204,5.254295333470953
8205,0.49805579286668156
8206,26.088543062666076
8207,2.981860037090395
8208,39.274880594617585
8209,10.176596456721478
8210,3.6093550559826797
8211,32.62941264179037
8212,-5.239259693250226
8213,4.715013938649059
8214,17.354295975742442
8215,108.00544196850404
8216,15.82049762022959
8217,-8.044603932117862
8218,67.11279118186843
8219,4.549636118506867
8220,10.166647245242604
8221,17.867497869616308
8222,11.965999298549313
8223,16.742496351321698
8224,-2.893677755800547
8225,499.4571004860019
8226,33.01528211272539
8227,27.921090975681345
8228,419.1584736334215
8229,79.4495601358594
8230,11.529924654220295
8231,2.8782643606671776
8232,15.821333926946316
8233,12.140056791585316
8234,189.42727303209512
8235,35.991871462941475
8236,6.288017568275126
8237,13.165132327659979
8238,38.841276919553685
8239,-156.87111500892792
8240,19.48980657212634
8241,21.142962933753086
8242,37.423025663521855
8243,-24.586931726193008
8244,24.490844677572458
8245,33.15236022524441
8246,13.229718556802585
8247,31.291928895991784
8248,6.9824200588628385
8249,3.4498611210023404
8250,2.7834172291947903
8251,2.3981550023238523
8252,-4.359690188833724
8253,7.9039715213432995
8254,0.1511258678623184
8255,60.742474683814436
8256,24.013820716307126
8257,67.22714838255322
8258,32.1637408795377
8259,7.837216596739221
8260,1.1463568002830222
8261,-21.614833797725886
8262,60.8955231916207
8263,11.992742932775037
8264,30.1304509004937
8265,-329.23870272868714
8266,24.205671669282513
8267,-9.302500157121788
8268,-1.0829001881677045
8269,272.18282086269426
8270,58.96632518494982
8271,46.38264916537561
8272,24.733731423440283
8273,0.581684310946288
8274,-12.80480251154776
8275,10.09524501858599
8276,-10.68777501830671
8277,-52.26414404903602
8278,13.432874401911667
8279,12.458907759676745
8280,5.197164705179601
8281,6.680898127085069
8282,712.5720941094613
8283,97.33963027225576
8284,69.91667742984376
8285,12.833966269296859
8286,294.3124982983036
8287,4.58556114373352
8288,-102.63510165633157
8289,5.179731772280033
8290,-1.0980631696492007
8291,21.851519802763487
8292,6.768739513090504
8293,188.28424663716225
8294,2.75341091522081
8295,18.052450918600073
8296,5.7168785680820235
8297,428.7457427306423
8298,55.90038001984476
8299,180.57504493164544
8300,97.99942084180884
8301,9.005748163708454
8302,44.99592879852612
8303,7.201418254977323
8304,32.04252001229476
8305,18.266513037386176
8306,31.572630442736568
8307,5.789350513331172
8308,4.178860646894936
8309,-0.645022360667123
8310,4.219084003897748
8311,26.20235562738916
8312,-1685.5222910398888
8313,13.062500725477344
8314,6.202062234847287
8315,7.109109951357946
8316,28.47285440464538
8317,4.4721363571052155
8318,6.444972670117613
8319,-3.229728889355787
8320,11.39670900973299
8321,8.55546276291885
8322,24.134493063389982
8323,-11.875603349683097
8324,-0.23389811283448625
8325,47.41669496866289
8326,32.09143713762392
8327,68.09972399414795
8328,15.859209365220291
8329,32.045997691922985
8330,22.29972935877889
8331,3.8227756002676956
8332,14.74821555807324
8333,-4.719192271306809
8334,33.35418775417246
8335,102.5519687346723
8336,9.708181411404937
8337,122.82004509427148
8338,7.348735108307273
8339,12.423195088203014
8340,58.68317274120328
8341,-114.6158437020248
8342,18.497738321029296
8343,8.672616531415304
8344,8.145710004800886
8345,29.302203767273127
8346,39.776191298813124
8347,648.2451098113497
8348,-4.67766442640108
8349,25.140513251247512
8350,13.530503530654594
8351,27.53876345948747
8352,108.71409585023667
8353,27.71265263307288
8354,1.7748310745179314
8355,-9.795687244873143
8356,15.450754410545038
8357,18.193833342752285
8358,-0.9342407233295458
8359,23.981403004795652
8360,10.040365721549847
8361,18.142053004676654
8362,29.307134520882272
8363,325.79888213591164
8364,437.09010698847374
8365,503.871108874202
8366,1.7491230831189446
8367,4.855662561252785
8368,11.432810053482982
8369,7.460102346371386
8370,22.94927058110849
8371,24.448520044948218
8372,123.12584564534957
8373,7.753559263442513
8374,-327.21563907641473
8375,-2.6939609645528035
8376,5.820569283819166
8377,7.3501878893263335
8378,6.057890958679149
8379,10.928702203373994
8380,10.953918205661466
8381,2.39323298299023
8382,4.69438274091401
8383,11.757014933385479
8384,69.23717163396125
8385,17.273938361581266
8386,9.608792930222648
8387,4.085081141273368
8388,5.16338182951346
8389,10.231599627357305
8390,132.60139025729546
8391,128.51511618385234
8392,17.60104958985137
8393,0.570123920291682
8394,33.983089724861514
8395,32.03660579355581
8396,13.555881090107807
8397,-5.043170220001654
8398,50.33578735660848
8399,2.757770169929699
8400,4.478263657747562
8401,5.811036014538173
8402,7.352431847510439
8403,5.29311296900336
8404,9.627244910629134
8405,-1.0188560846814068
8406,0.10307747475305817
8407,12.186710873043431
8408,71.06039582007006
8409,6.901303852606276
8410,2.983545929990698
8411,23.88307042787051
8412,5.592920674236389
8413,224.431074999003
8414,59.640808570473304
8415,-11.41332602540879
8416,-59.898170805864666
8417,0.7814391991278404
8418,7.225807389757818
8419,42.97222695405527
8420,8.72081709090521
8421,272.52866690264716
8422,75.2089959297855
8423,3.0350837690732364
8424,3.078299819434874
8425,51.90995519597429
8426,178.17276443755134
8427,6.878459011705881
8428,7.116983687830787
8429,6.071136060561656
8430,4.865614598001504
8431,373.32978120018583
8432,4.451370809302584
8433,3.8011284008518498
8434,14.470425931090398
8435,5.5213959466885605
8436,-68.45709851237946
8437,3.2769429102057384
8438,-6.263480223876215
8439,4.560420760593017
8440,2.500930192984521
8441,1.0000305621312668
8442,284.5170022146865
8443,5.73195445497381
8444,17.61732091135613
8445,4.149462685046177
8446,32.78994889139108
8447,12.179903092175326
8448,10.751468897723234
8449,-33.05492615528894
8450,-4.857095724537089
8451,14.256787862938031
8452,7.091646893956522
8453,-0.9076879672815946
8454,13.423796947208386
8455,61.70648946265065
8456,4.351721837789253
8457,-0.8659339269997964
8458,20.41919308552204
8459,3.57031060151518
8460,-4.779649244751363
8461,-3.831804014697304
8462,8.935497706918161
8463,48.9465401580549
8464,85.06884856604492
8465,7.416932279029293
8466,76.38846075024878
8467,7.198075802542071
8468,22.22409739157635
8469,4.26026347359835
8470,26.12223491502301
8471,-2.03566586653362
8472,17.339990952612233
8473,16.993362514818962
8474,22.183203115664675
8475,0.8308018242114545
8476,12.972312366797425
8477,24.193020687565138
8478,12.817954352904188
8479,-32.8012932213951
8480,2.5813069295857245
8481,4.309151066158906
8482,4.901454473016443
8483,-115.35827594515769
8484,38.11334916240165
8485,-24.74600487377551
8486,13.503470935855024
8487,-23.157378480724027
8488,2.102429207479837
8489,8.89064096734081
8490,66.68032945045016
8491,5.619691238197969
8492,6.3753922242349415
8493,-169.10628831615975
8494,66.532013071878
8495,46.50678798187511
8496,10.20408415590353
8497,5.449589711373994
8498,-302.51569196241337
8499,4.390526007286708
8500,80.08148077135102
8501,9.053844528039596
8502,1.8949530957479241
8503,6.161989146984847
8504,34.83114070648231
8505,6.057948673751136
8506,279.8962986717954
8507,5.12354579936393
8508,4.811018362640036
8509,6.679415942491362
8510,14.506701334729843
8511,10.377617844789803
8512,114.01093787714532
8513,15.569684695669837
8514,10.098007184611518
8515,6.586128028135338
8516,108.48290733059173
8517,100.5418874339019
8518,23.743252936370354
8519,1.612401197183138
8520,14.485036691458273
8521,3.9974624865748254
8522,8.408953034489867
8523,3.6773910766461997
8524,4.2765659389025075
8525,26.668013868189746
8526,1.9978644848535994
8527,74.82606339607887
8528,-10.15383771417028
8529,45.53488956820539
8530,124.68184892525716
8531,96.0917349533272
8532,130.74503319996984
8533,106.60755437254888
8534,19.664442477512907
8535,7.622376690907823
8536,-175.27034455853612
8537,155.8276112552716
8538,165.2908341870282
8539,23.405960366483242
8540,12.646455664477248
8541,59.72820745481742
8542,-0.5369363531115802
8543,3.5366259845477974
8544,26.169610368642456
8545,34.95646624661786
8546,-12.178217701147132
8547,113.0098970417896
8548,3.77929670743987
8549,3.5647121716238033
8550,3.5557107810493203
8551,88.98296806293197
8552,5.831476785359584
8553,-32.85607267736488
8554,4.63144787319691
8555,9.905661722179424
8556,1.7691273800579255
8557,15.72383536959725
8558,-3.4793384448806166
8559,3.2420898976326056
8560,157.69245553302733
8561,-2.2732544098235277
8562,-23.788259140341907
8563,0.6985095178281854
8564,1.0845355309864773
8565,7.002812394052716
8566,-72.27215498162332
8567,-1.7608810433267488
8568,5.985893654144784
8569,20.270641862629383
8570,23.455553328905527
8571,7.611795533932916
8572,4.925767901634585
8573,-59.143998812267796
8574,1.4370425998342693
8575,-10.37592693012208
8576,7.899698650452577
8577,7.580663419999241
8578,32.10289309841739
8579,26.511488155687193
8580,9.147492840978835
8581,1.3433478750392653
8582,42.29831461945725
8583,31.818223451439806
8584,7.054258059462793
8585,13.11147334596403
8586,9.230402058317333
8587,5.3200500170566585
8588,2.2699868096301192
8589,5.056340199269917
8590,9.426244589703774
8591,-5.508755780280655
8592,672.6540906434929
8593,20.691370379407854
8594,89.60676510298595
8595,42.923688917693376
8596,0.22256589534219118
8597,15.67595273555161
8598,5.23566202919872
8599,10.58729276656506
8600,8.518192129433013
8601,-3.6522083462285586
8602,8.132720940623178
8603,13.484369585840678
8604,3.8391509437804654
8605,48.47970930695313
8606,58.16317856714639
8607,1.4522124550009794
8608,276.89369598065707
8609,9.028906340126344
8610,53.86598025902662
8611,9.338108743398163
8612,4.03322286517168
8613,-82.6293107173924
8614,5.359617330334501
8615,6.8365871179626465
8616,2.5597143608514568
8617,4.253857220651097
8618,58.026995692537184
8619,725.4363474225697
8620,284.72616297693554
8621,-0.7392298922717966
8622,56.66861221710316
8623,81.91875238096833
8624,113.73419047019306
8625,3.1073317157959606
8626,9.393804801178582
8627,3.491859780093208
8628,38.025607888868585
8629,497.85854869624495
8630,7.93838198192468
8631,18.742467435311987
8632,3.3947293663264944
8633,18.345356523883282
8634,-87.69698204037229
8635,7.802940802825254
8636,2.251232642886857
8637,17.826565905967342
8638,14.547515786531664
8639,212.79714968728047
8640,87.86828835305455
8641,23.593385194017948
8642,2.093057544402213
8643,9.918913504644069
8644,-61.35886328490645
8645,47.71485705540355
8646,118.39807182649696
8647,11.932457090335912
8648,643.8507722138647
8649,4.3334467188572425
8650,1.6575743844316415
8651,5.93498999573287
8652,3.378583744970331
8653,-15.398724723231947
8654,-19.894482315192608
8655,2.8206551729154836
8656,70.12696717488944
8657,37.421152058539235
8658,-1.5101771208876635
8659,30.967916895498423
8660,-375.5538921234239
8661,3.8486392612638687
8662,2.2781265756998925
8663,25.71575015597856
8664,18.03695629207496
8665,2.0466828542289193
8666,5.638606912090426
8667,54.52106911166115
8668,15.38518649617842
8669,8.610009709260549
8670,17.245529423970417
8671,-8.016612305375498
8672,-57.01059781756253
8673,3.7506281964350734
8674,10.482773106164174
8675,357.3974575125393
8676,29.940336871369738
8677,9.32884170169567
8678,-4.280413195975768
8679,124.89138436279768
8680,14.460534755567593
8681,6.527545735551756
8682,1.9756848561351859
8683,227.07823494148943
8684,12.181832189288638
8685,6.480596035762325
8686,92.86583170277619
8687,6.056778156823224
8688,45.22583776832204
8689,-44.11866122077401
8690,27.271903092659695
8691,72.96330538365066
8692,-46.26336667088451
8693,184.11523194561005
8694,3.3476131148527717
8695,4.730627415700917
8696,36.391338687811626
8697,16.205957160022084
8698,12.445942287760396
8699,131.44726585739312
8700,5.539005211509221
8701,3.7745303507022303
8702,52.36569188479337
8703,9.515545034656924
8704,13.46392556862282
8705,267.49925896625996
8706,23.510353348937656
8707,104.30001232261823
8708,-198.03398172464426
8709,27.25414390005381
8710,-11.587774398541882
8711,-16.131339490640777
8712,-25.92257804147926
8713,26.73155721242457
8714,20.827033950139253
8715,8.782171777560333
8716,0.34789275601341574
8717,22.296836413351297
8718,3.236900639959119
8719,-2.773297170521487
8720,27.626166933722487
8721,3.0817386731455976
8722,-16.351350917891757
8723,47.115760720995496
8724,-0.0299827454024455
8725,9.069436023983751
8726,75.75113052496899
8727,-583.9908566644398
8728,46.340096355560505
8729,1.9909137985667098
8730,15.494830673767758
8731,-0.5633847956949062
8732,-2.150646244380175
8733,-2.041040917639433
8734,9.093226291759908
8735,16.464480469870825
8736,1.3503932608387843
8737,-25.089269720736404
8738,6.6399494451628165
8739,-10.855560211578897
8740,11.076080462938577
8741,85.28635922083723
8742,-59.46518325067936
8743,16.263961422076335
8744,-2.8772548262992226
8745,12.27434228831989
8746,9.737091877987734
8747,2.334607857196626
8748,-23.673935048250655
8749,-2.4613023119351336
8750,7.980315012445444
8751,1.486913467082597
8752,-1207.6244334981104
8753,8.643348032482816
8754,23.647882966884005
8755,11.940065864919177
8756,7.351286844622145
8757,3.338156973954352
8758,80.7378092012253
8759,12.153711465020434
8760,8.177518295115537
8761,1.722461788921224
8762,18.429558474956714
8763,32.756975685026525
8764,2.5025831793660975
8765,-4.975456101011222
8766,-2.1731341712711516
8767,7.020496302023069
8768,8.620901608101658
8769,10.859107291073789
8770,43.889233420481006
8771,14.991405999294988
8772,22.09354992174395
8773,0.679969778732002
8774,2.4406062569597298
8775,-5.7423219853763205
8776,2.469621414512241
8777,-69.29682217524278
8778,5.237670588226567
8779,19.859897969776114
8780,1.2078183968302012
8781,-3.7291457862658275
8782,135.86538232135925
8783,403.30482011950335
8784,24.508480104737473
8785,2.8419758429703452
8786,46.73729544789659
8787,5.998726975265574
8788,0.9769329591745206
8789,62.04457344175077
8790,-1.4113390607248917
8791,-5.508464938844161
8792,13.288806193025618
8793,-3.6243052894618852
8794,12.612365515771351
8795,104.97709774441881
8796,7.527092915465382
8797,-10.788284148515867
8798,36.53658622319402
8799,-1.9664686440726022
8800,42.433772305044926
8801,29.248880380893965
8802,-133.94242065616675
8803,17.175855569700328
8804,26.525015406241884
8805,690.9328990962581
8806,7057.466689887981
8807,12.995878735387913
8808,18.89557495366428
8809,-63.161623570092246
8810,0.8243794303809386
8811,10.91283575361552
8812,-4.453240757505443
8813,-60.365863135619634
8814,9.084222464846881
8815,16.634885346186493
8816,6.406570672882015
8817,17.69401553738394
8818,7.27941385375379
8819,2.493556657548102
8820,6.760208185798481
8821,12.89605919850542
8822,-892.5834700947677
8823,2.363889815894514
8824,-742.9554475994853
8825,95.13926136107885
8826,7.103585903570647
8827,170.06271559634257
8828,-0.1704591797913742
8829,3.2003517885983097
8830,-1702.0496715317813
8831,17.792813474024022
8832,11.615620707377413
8833,15.885405098756607
8834,5.06054924335079
8835,0.9746297387030356
8836,71.65867583682757
8837,18.664606391977685
8838,4.062882828767757
8839,-102.96386987460004
8840,-88.61315152607668
8841,14.022298490712384
8842,-79.1671196060176
8843,-1.2923499652385586
8844,-72.07040306705203
8845,-0.27979894666690663
8846,9.97198186300995
8847,5.554931652557787
8848,13.240225978802028
8849,487.4136259492984
8850,8.278467440248882
8851,0.11983750121968262
8852,4.925247798395125
8853,11.898552969707536
8854,20.780941731957064
8855,4.428519187430034
8856,29.26614465536357
8857,-0.8773707196315079
8858,21.690661796382834
8859,11.91529360833763
8860,15.326718057163427
8861,-15.674672939468874
8862,12.526126362892938
8863,2.3794656356928114
8864,5.364783563228161
8865,2.302234737975618
8866,6.1591813737101955
8867,23.92026287595523
8868,6.113278804424741
8869,-4.388646850376816
8870,53.50733410472211
8871,3.9023803312370946
8872,45.451620648551824
8873,0.5139132309894862
8874,15.255062827007489
8875,3.3818841389009413
8876,12.961069679293331
8877,26.943367332110697
8878,4.112453706172076
8879,-40.20910510323603
8880,-9.361699458531149
8881,33.48876825390351
8882,-30.732030217945955
8883,-5.0594057831214805
8884,42.13952425223577
8885,0.42724979310712696
8886,25.793305479404253
8887,-2.1117362913082824
8888,17.35007954324562
8889,3.915537792693822
8890,-50.10313738049659
8891,9.181158734231085
8892,21.97440521488532
8893,-86.69367682372986
8894,50.80958706283363
8895,12.922831936611967
8896,-6.219398485565036
8897,0.23353283228170574
8898,13.834908946814078
8899,0.39747458097167565
8900,-15.606234150886824
8901,-0.03453771037510622
8902,38.566000208125104
8903,-5.812512505470938
8904,8.346414712419069
8905,-7.977310030216953
8906,4.4698162485095185
8907,106.47783165824094
8908,15.570164843027204
8909,6.39403481819892
8910,3.7034447502451426
8911,3.1993288557830137
8912,5.09403307870971
8913,12.7653212497505
8914,20.16962061931585
8915,5.2388319318056
8916,0.8798145743799961
8917,3.5163676174354426
8918,4.100375475542389
8919,-26.326716923534107
8920,-26.31635635134639
8921,-63.41530020003984
8922,-14.366518913090017
8923,67.50394023187019
8924,3.379729603528613
8925,7.789009301566954
8926,12.332022486903094
8927,6.262695048399516
8928,28.470054480648965
8929,14.244317128794622
8930,27.742470016598602
8931,58.80006888202807
8932,6.4398817678587505
8933,25.21676777875272
8934,1.4303279265614943
8935,2.024346102870233
8936,24.334192945731836
8937,3.282631136137642
8938,5.451483747493734
8939,-0.6272782755230937
8940,5.430793280189403
8941,99.36004008639563
8942,21.140751432239085
8943,2262.588156631562
8944,6.382606109501658
8945,2.1125382759632245
8946,72.67649107444169
8947,18.743395838954076
8948,22.298153293392303
8949,8.96743141667891
8950,107.67012534159426
8951,17.476807278679196
8952,67.76292419377961
8953,11.680773327982024
8954,-6.007475822842007
8955,5.19588991233367
8956,20.349722788511414
8957,4.980332290368135
8958,6.031460869771632
8959,24.811547673215973
8960,864.0561557445294
8961,-65.77161629384005
8962,-47.45188487063781
8963,120.65136584234948
8964,19.288544778530913
8965,59.139686066748055
8966,29.565043273847493
8967,28.027359542343703
8968,49.48688827223734
8969,780.1767671188111
8970,1.0062573437132096
8971,65.99414159771132
8972,23.333160439399606
8973,0.21712445963296356
8974,-0.639314116754675
8975,9.821272087135132
8976,26.659028725922067
8977,42.59298135192603
8978,0.47744916040328855
8979,0.9248707855390323
8980,-17.193655520186805
8981,23.77080270809237
8982,-4.322834565064184
8983,6.90656924179582
8984,14.457331832410407
8985,-15.845465979742983
8986,0.056460100098371324
8987,-304.41516167530233
8988,1.0910476111674148
8989,1.8082245009417948
8990,-26.762676438590248
8991,-850.4993221397636
8992,-24.516552713760937
8993,5.511920307605492
8994,1.7403831158184886
8995,1.9844602133551503
8996,305.6513229625144
8997,35.8262696002986
8998,4.497446241958508
8999,1.0025432178128555
9000,13.852582386099439
9001,17.887107689987317
9002,20.794050441262478
9003,275.6629527412434
9004,8.291136751782757
9005,2.528561816109202
9006,5.491394982977407
9007,3.6383038750357213
9008,-170.97957355215584
9009,4.228917746652133
9010,78.57508189073803
9011,3.7534593555723985
9012,38.885980047111026
9013,466.6067844239849
9014,11.893143776420313
9015,4.308841112981852
9016,-73.40652350525056
9017,-7.608463146194872
9018,68.55148048066604
9019,-3.494992633980912
9020,0.9487219515330263
9021,69.1535994395744
9022,4.726494334995403
9023,99.67143645490106
9024,6.494336788933177
9025,26.38870707377742
9026,12.733603384526404
9027,-21.575741349098344
9028,-37.901132553407805
9029,3.058027525874482
9030,12.414753249983821
9031,308.82015692667596
9032,6.663532885744203
9033,48.025298283494934
9034,1219.920940572637
9035,11.598606771793847
9036,4.9997669231737625
9037,18.59237042936879
9038,148.81174477618913
9039,8.72186371333947
9040,4.3911898933755245
9041,70.58329952847728
9042,10.267718267132066
9043,13.38071325588847
9044,12.618015228499319
9045,-5.438650399507109
9046,-55.604850743789186
9047,23.256141240746217
9048,3.6688001303681337
9049,-14.777351792495086
9050,15.853393268535417
9051,15.826530745717712
9052,1.7713561286377213
9053,483.4657710394151
9054,10.763497295751684
9055,5.793292950551377
9056,-41.22945486671745
9057,-445.80453124467067
9058,35.69144516068596
9059,28.68640840944677
9060,99.6162554522005
9061,3.128642132559702
9062,-0.007868411321272667
9063,-34.43724521165887
9064,15.713190669725533
9065,-42.723001931697496
9066,-42.51599953105642
9067,6.312142933239337
9068,8.0268438136708
9069,-7.00552308614183
9070,4.152441553876862
9071,6.128695571847613
9072,8.506727987486888
9073,-56.76365079700744
9074,-22.48167615158333
9075,-134.49520395800914
9076,6.754586095048341
9077,13.450239264498679
9078,-30.31062845158012
9079,-43.46012266495073
9080,-1969.0831884347185
9081,6.703003631819984
9082,26.787606449769015
9083,1.0633958315790903
9084,732.590160660073
9085,-18.429978216085985
9086,6.880691713368402
9087,48.49166581359101
9088,11.839339782860844
9089,217.3060259149486
9090,-29.76927103205869
9091,7.741851412243294
9092,-8.873240179816788
9093,14.525763186021573
9094,-0.22562575149699918
9095,6.1189668543433715
9096,13.935168114869914
9097,-2.028330944785888
9098,8.53534015870755
9099,27.591680572707794
9100,10.47132357175213
9101,3.8358173836787257
9102,43.26800597542246
9103,13.718492744220292
9104,11.522667875845965
9105,3.61270366276913
9106,-1.7042816056371821
9107,2.810277464283093
9108,61.5892294058342
9109,4.596829269146585
9110,3.4387694351400486
9111,-0.5971839388187339
9112,9.652633356421106
9113,1.564449037666758
9114,16.106458386753438
9115,159.39127254886802
9116,0.04650411616232644
9117,9.504143253550733
9118,3.9785839441917497
9119,21.061649273945207
9120,392.01880339479897
9121,-5.931496737239934
9122,23.816642022286253
9123,7.643126114846083
9124,10.038693667224454
9125,0.1318685654322036
9126,14.831402392220342
9127,5.331036658404513
9128,-152.164626473191
9129,15.357085430945716
9130,3.186682494907056
9131,5.1062564141266265
9132,296.46887936181827
9133,21.465531453086484
9134,7260.913304698832
9135,-78.56242529590668
9136,11.275118260177777
9137,5.723783187717147
9138,32.70032930129496
9139,20.419102584999898
9140,11.823665285573185
9141,17.711022690825843
9142,-4.594868667360755
9143,8.374374826286449
9144,40.59583381419033
9145,6.657337382526748
9146,10.742415242383512
9147,30.967207134467905
9148,33.63785663857881
9149,31.80959260540242
9150,7.046668328218738
9151,14.01025861787956
9152,214.97436346331392
9153,74.82499701331555
9154,71.75396485547265
9155,157.09208848209448
9156,6.162263801710358
9157,2.920200864244921
9158,-0.2600997192713489
9159,50.414845890584296
9160,7.910795848450772
9161,20.130147366273267
9162,-11.211560462119056
9163,20.433445276734616
9164,13.356530509761324
9165,5.818711457545642
9166,28.06495300219092
9167,-14.369113990504413
9168,-3.7467335433797553
9169,20.613744754096246
9170,1.4060044688552167
9171,16.08462101003879
9172,8.14281337638506
9173,6.331531227758622
9174,15.7864750065545
9175,1.8212400385576721
9176,0.8142434729240514
9177,33.36493630271448
9178,31.41729491529077
9179,51.83018222677511
9180,22.39603800999337
9181,20.892179374083803
9182,55.64374866030998
9183,-120.91239126017638
9184,19.616988781306603
9185,86.1628772982186
9186,24.72264279029035
9187,13.332802417397435
9188,6.047040360971266
9189,76.11985229962524
9190,36.76553710809925
9191,2.088720641227724
9192,3.200716189067162
9193,7.598505671266132
9194,38.61897547804665
9195,3.2904554992621184
9196,-0.46167000414449444
9197,44.8689233696945
9198,107.2797979668939
9199,42.06962243267674
9200,5.665148948914595
9201,45.01508333668742
9202,269.4196868569595
9203,119.3573230512868
9204,31.875681612899573
9205,10.681804173230823
9206,584.6512634212659
9207,70.7744247723925
9208,33.87534450484101
9209,20.233429791573535
9210,-40.769632313387255
9211,27.26739613352084
9212,6.834650285113926
9213,2.8929846688804153
9214,283.5307546492801
9215,-40.55518061968654
9216,14.8032315382808
9217,-838.3548538879929
9218,7.365078103755205
9219,11.015149213049309
9220,33.38185661549459
9221,143.43778188274558
9222,14.562030506123579
9223,-774.5914072242274
9224,58.6561647042893
9225,2.6784976291707134
9226,8.302895410750565
9227,55.31012227665716
9228,48.01730592666728
9229,17.31334831008561
9230,258.9977156759502
9231,27.321248597545488
9232,9.151812622349862
9233,7.88819497218007
9234,28.38527586200442
9235,9.415830318812464
9236,265.4519882281711
9237,1.9905954541904398
9238,36.71964395418088
9239,573.7611880008121
9240,29.780849247723758
9241,9.785181280320915
9242,6.699389102735087
9243,16.947666025825747
9244,6.025328719542015
9245,10.19461622110958
9246,181.91822923590252
9247,-10.677871868572073
9248,291.8548214553027
9249,0.9007337299585716
9250,146.38375111451393
9251,18.192434012250832
9252,162.23081106769976
9253,3.4391283244195616
9254,2.2283603335383857
9255,-10.25021310764398
9256,-5.622180841956327
9257,26.370411800054008
9258,14.938842027383497
9259,4.266426155425502
9260,-0.8300064039318701
9261,23.63058907398287
9262,21.61764805963592
9263,4.2796209060034665
9264,-2.686157426712516
9265,-3.2147955635086745
9266,16.84201397638313
9267,151.9356584041264
9268,10.283110781149585
9269,0.15809877893041618
9270,7.140600590427548
9271,11.530145145716292
9272,-21.575091433504006
9273,31.298553194922704
9274,-11.709605175483661
9275,74.39764804868042
9276,0.6154282628255597
9277,-12.51558908081009
9278,-144.91432033482607
9279,36.51698773881377
9280,2.4903815727087255
9281,21.188820808055816
9282,21.51791474310449
9283,16.23262198021058
9284,5.762302364769401
9285,1.0005853223821597
9286,-15.618943848097084
9287,59.71993745439387
9288,67.99394215781751
9289,7.305842666401628
9290,-17.555310752592327
9291,17.386854840505727
9292,-9.727023137214559
9293,-44.480237913671715
9294,4.967040917817324
9295,7.231122723944902
9296,90.88329291481236
9297,-15.729446909122295
9298,8.096980559035408
9299,7.369885886481087
9300,0.12536236234559262
9301,5.848514746892254
9302,-6.347270751993285
9303,5.639508857557457
9304,7.451905911645802
9305,3.9366507721276744
9306,27.406289587878398
9307,51.76833953593959
9308,5.780307244285732
9309,-60.52921236382442
9310,55.90110890755183
9311,6.189505808227457
9312,59.21816823714908
9313,-23.86674374491015
9314,108.61656893857679
9315,53.75015809384453
9316,15.050372862661067
9317,-33.11843414279953
9318,1.811921635185939
9319,-20.98409086046683
9320,8.265062918126175
9321,-16.01992238673529
9322,-13.110204887723713
9323,-11.194964228746041
9324,-19.865434903792234
9325,1.4882385369606386
9326,-3.9548438253314893
9327,16.1070629033818
9328,2.891764640321607
9329,-0.5348051325638729
9330,30.490007862432357
9331,1.615816239922502
9332,77.79666124200952
9333,26.311756821917307
9334,46.02576240818897
9335,448.60440877140195
9336,158.57446922016132
9337,4.090446904521505
9338,19.204432876179098
9339,13.05956039650297
9340,21.99821454159241
9341,29.079396571794888
9342,14.49946095119136
9343,-13.934265066958943
9344,12.174814655105628
9345,4.208391347188103
9346,-17.849414199846287
9347,4.977414221741214
9348,-10.96283339865969
9349,10.406024067584875
9350,49.0821835979239
9351,1.5175697455452022
9352,3.3090203841050476
9353,8.897271172119082
9354,3.369712294098416
9355,10.858674727810497
9356,0.7415660421627677
9357,42.12448908268841
9358,-152.40368883908917
9359,8.010094235149204
9360,3.3386543899006726
9361,23.748947923644153
9362,42.86291205462096
9363,-55.64572373217848
9364,9.465185303335332
9365,-144.50050237210706
9366,4.417390296486464
9367,3.5826816635262064
9368,-0.16429612765299956
9369,12.724982767493708
9370,626.5934623402694
9371,234.42063506199406
9372,3.3877393012343924
9373,73.98793500135741
9374,9.253475309090454
9375,2.5390760599117903
9376,187.07030309809906
9377,3.148625603157771
9378,39.95367648412086
9379,9.532901510355074
9380,7.027126366587538
9381,12.308327248612283
9382,17.336721085808378
9383,88.4250542507103
9384,454.2960283872176
9385,11.331164544772513
9386,9.215435828201812
9387,7.9047045066876045
9388,-23.16116505010237
9389,28.570776137341973
9390,-24.773549563016985
9391,1385.8570064944322
9392,5.018818063152048
9393,7.610003463395692
9394,-1.271763760470337
9395,294.34156889903556
9396,27.614827936023985
9397,5.639667997686303
9398,6.518330622193134
9399,-4.4805137227756475
9400,66.38686445244812
9401,3.382615390102119
9402,36.0856230646669
9403,17.31404907471304
9404,12.873986050102364
9405,9.886097184876128
9406,-9.095086158022319
9407,8.59696635727371
9408,11.572675392953082
9409,4.743033731925992
9410,12.707421186659463
9411,5.903555628758281
9412,-5.408545055634642
9413,64.16435442255127
9414,4.311702029186893
9415,1.9101948412516179
9416,7.411273315739272
9417,-2.924015641014398
9418,102.47403143505997
9419,18.366552954709775
9420,-34.17640650397081
9421,6.092122776942009
9422,9.086929385820643
9423,4.117131222013379
9424,-13.865807304077117
9425,3.995446002388422
9426,4.3975209054066005
9427,3.2289936621961575
9428,5.289812619968874
9429,1.9888212721645315
9430,4.152286778440533
9431,-16.397912326803542
9432,5.9087881496660035
9433,4.9650958345632965
9434,11.030397290988518
9435,-2.4576510212237244
9436,-40.635075538920866
9437,89.1444793661402
9438,-0.26011712365719175
9439,15.22234583593946
9440,8.344950126421708
9441,9.028520111923434
9442,3.8836420406923304
9443,-84.91404558618018
9444,57.975302381687534
9445,-32.376236332724645
9446,84.40066765669965
9447,3.3850954220218905
9448,-11.91690451167942
9449,-3.2180380364755132
9450,18.505971328121625
9451,5.270807777209983
9452,29.245271470773364
9453,2.851137356050996
9454,25.917534615416837
9455,-3.3502257678765632
9456,-14.160749644379518
9457,6.7276746932481135
9458,23.927474296468596
9459,83.80610887509002
9460,-0.2273178306525092
9461,39.15194630292862
9462,7.186953319048534
9463,181.9915871229738
9464,-45.84212904302008
9465,3.095177194494185
9466,0.795188199505855
9467,5.150103691408647
9468,15.786226535960127
9469,131.79857981294535
9470,101.95070690929833
9471,-43.167556319280315
9472,2.983551132497468
9473,49.27027801433046
9474,-736.6856049339428
9475,10.873689744307145
9476,-13.93298169401009
9477,-30.02107622000744
9478,-110.10507294854594
9479,-55.10562495066722
9480,45.19201082778372
9481,29.181273519372823
9482,22.73850817051099
9483,17.14034535370776
9484,71.72758768253499
9485,162.06442233470992
9486,286.7423555716025
9487,4.933779878471329
9488,27.7566406790961
9489,10.47639555921549
9490,6.111198684028903
9491,37.57450805463971
9492,80.45661058015347
9493,31.347234944673794
9494,18.014236729927738
9495,45.21745225074422
9496,1.1458263960660442
9497,30.045616902591757
9498,127.90358300019886
9499,8.084943110333906
9500,-120.30206272059328
9501,-62.98654126143066
9502,5.52910770568775
9503,46.929617524992416
9504,17.829100725517378
9505,167.90441467250406
9506,310.0464706796574
9507,86.9621820062289
9508,6.904934854577503
9509,2.890918985843732
9510,11.350829769227904
9511,12.895511607031004
9512,203.33185311122367
9513,7.224684368997312
9514,9.254511595815817
9515,19.579410917570073
9516,55.74755727656783
9517,41.33530756712641
9518,8.600377890023253
9519,5.961671198186435
9520,5.425508998456227
9521,-26.582777355871258
9522,3.4091780258263764
9523,20.38095541398784
9524,31.4301571518359
9525,19.83822451427684
9526,108.09078131956173
9527,3.0939415789736984
9528,-9.383967028732517
9529,10.19924004137145
9530,-306.2113628517063
9531,122.03044581759141
9532,3.6203970611357272
9533,2.0209043332731706
9534,6.388621529046987
9535,15.062807498318186
9536,0.7429616727324733
9537,22.99965767550549
9538,2.080749746820234
9539,-4.505294556340383
9540,1.0816267636517223
9541,29.156424491841936
9542,82.09056143201218
9543,3.277697215313105
9544,6.951225951959701
9545,5.203432488296389
9546,523.7500415351553
9547,192.88073630500196
9548,13.130459164743957
9549,32.80690388609756
9550,16.07642444867725
9551,6.289536345907413
9552,33.10351515261033
9553,9.49576649613838
9554,26.147203503183356
9555,3.546851312483822
9556,29.394747388836507
9557,1.0333839086467884
9558,9.953460554302918
9559,82.96172305343207
9560,283.661053234595
9561,45.30800463936195
9562,78.34543995689879
9563,25.183338430142573
9564,351.96016654535674
9565,52.826966786092825
9566,3.451909028468262
9567,278.1157923230171
9568,53.492224729486594
9569,5.612492451960733
9570,13.336254199087836
9571,16.114129461573604
9572,18.989301318577567
9573,72.5450536346891
9574,16.14703885957053
9575,144.0079160373
9576,1.8252972311049187
9577,2.326308323367256
9578,16.444577213162205
9579,19.110575470370286
9580,132.95287972126056
9581,1.0644810748608098
9582,4.41669686107424
9583,-178.17946773586436
9584,-5.846939142022088
9585,10.67598765399946
9586,14.003056483270187
9587,133.87444111565048
9588,9.483767785001245
9589,3.929566112627481
9590,-261.2616566376537
9591,-176.930822928777
9592,13.891272246841549
9593,49.589591740633466
9594,1.8216574220717412
9595,10.50196949171514
9596,41.800670399937026
9597,21.77633367737507
9598,20.2964796925646
9599,9.344061713287445
9600,6.864925646382295
9601,65.67552552677111
9602,18.430727672140378
9603,4.931431288074881
9604,1.7062112064962185
9605,6.139853898279393
9606,10.203967907651627
9607,356.72355195206717
9608,18.780822296111587
9609,2.43114258180883
9610,6.095693038372852
9611,5.41136413004417
9612,3.8310202751938687
9613,0.9267096870499287
9614,1.7877685861273382
9615,-49.20913395034469
9616,14.060855443669048
9617,5.753072302556775
9618,501.727113467134
9619,7.825073287580958
9620,6.271943016057657
9621,-150.17029123529454
9622,21.1312067648244
9623,9.496103458647639
9624,48.80653412385999
9625,59.98886038166643
9626,2.0281280843321334
9627,19.003367492200557
9628,6.7399751803104095
9629,12.557064072866156
9630,6.702449309148278
9631,6.3209976456619135
9632,8.787536282029642
9633,1.4897988565697569
9634,-3.0770707284190952
9635,20.927349132201577
9636,16.56736360555038
9637,11.718031806574736
9638,-0.14665413253892168
9639,10.317762844702095
9640,-53.014130445114645
9641,8.185133675063287
9642,6.243473889394544
9643,12.113325949271161
9644,17.25129861347444
9645,10.305194855927825
9646,20.69035034937395
9647,9.439455974914289
9648,-19.683388386334553
9649,3.049790094356889
9650,2.898804598178427
9651,13.44613913863143
9652,4.783531810324122
9653,34.32613128331512
9654,92.29327372605226
9655,0.2742577285976042
9656,-35.13900798177313
9657,6.085741478700177
9658,95.86212417174528
9659,-2.6620078012852604
9660,21.484595004921157
9661,10.93016802073931
9662,-13.95999707719104
9663,2.987057191581086
9664,-5.14247065195957
9665,-61.517676147401545
9666,5.488958521354611
9667,2.196396492978145
9668,-62.93290212759423
9669,-1.343167498941464
9670,37.376182795625255
9671,47.06244998487648
9672,21.307216534759807
9673,3.770575066772489
9674,326.9850809302269
9675,-7.790061773175849
9676,-9.929886666064421
9677,4.516315518937218
9678,-264.9818120300637
9679,24.959821208856443
9680,-5.489787000671223
9681,47.16161402044111
9682,59.03019490901016
9683,67.24897851832078
9684,9.798533629726965
9685,5.415319514472217
9686,238.16455820699508
9687,20.11739018985932
9688,8.168925120191311
9689,31.22181446524002
9690,100.90181418166472
9691,3.176858399770668
9692,27.1829748694593
9693,-2.19742240128523
9694,3.4729582644339594
9695,19.15404617905436
9696,12.467720235989882
9697,-0.7520621966517882
9698,-2.286788231139231
9699,-25.322579423552526
9700,-7.548068735860995
9701,-5.700537907730223
9702,-0.21329007465842198
9703,2.651613832398512
9704,46.80373465726753
9705,8.199965015810783
9706,11.463195768332115
9707,-34.316511680118154
9708,1.2926354496621166
9709,11.66830689832387
9710,-80.80941228144803
9711,11.380489154917981
9712,41.96937143121288
9713,4.148507262921593
9714,10.825660286026956
9715,3.9601227680019666
9716,0.5360833911044696
9717,6.77692925429483
9718,-329.0519785573361
9719,3.8686358344171086
9720,127.90481670054378
9721,170.81666697778195
9722,-132.99083010435257
9723,22.144641076783117
9724,25.32884535846747
9725,-11.486554212900316
9726,9.33181065913667
9727,35.41579392490682
9728,51.084282418906696
9729,-108.57364063863395
9730,-0.7174837403860503
9731,146.53143006595482
9732,36.10286004765143
9733,20.760778031507435
9734,86.47823605208727
9735,-90.65627553245012
9736,-10.296057607340696
9737,30.797808866310604
9738,58.8611708467176
9739,13.317113297273739
9740,-7.370390485134627
9741,12.384311167815628
9742,3.963814455825488
9743,8.729358772154715
9744,6.630702039392119
9745,-9.292567726005764
9746,79.11762107288666
9747,7.4100699839207635
9748,3.371804161886377
9749,996.4123116442876
9750,49.24027951374954
9751,248.50365577792985
9752,11.009201236042731
9753,5.514473442473127
9754,48.326527090613126
9755,127.70690378820319
9756,5.760197099498033
9757,12.244623555008946
9758,10.531522327116715
9759,50.57305435152931
9760,-24.73122333003907
9761,29.726710710809076
9762,-7.79594910645803
9763,10.39785218831472
9764,9.08058217757618
9765,14.116400365794835
9766,4.571542452624136
9767,3.1928869559180364
9768,-8.423586946209351
9769,123.977048303024
9770,7.882348066571165
9771,-25.07554691957955
9772,5.024663121566817
9773,5.834992316213318
9774,71.22677285549187
9775,0.7394642404315496
9776,34.99346458736971
9777,4.634687350357267
9778,28.679392759190073
9779,-2.718934705829322
9780,317.82465645444177
9781,97.78857679877987
9782,-34.45998679492003
9783,1.1907681624024316
9784,-55.655804945071566
9785,52.40460462582705
9786,8.083577896084243
9787,9.769063803041519
9788,6.296264982298794
9789,-351.02603200408123
9790,9.730562891366077
9791,-28.52108192997144
9792,7.27819434730994
9793,9.83664880673512
9794,80.63971580716459
9795,41.39485480930923
9796,26.031629344098086
9797,17.69738706155034
9798,18.538164731494636
9799,3.214051222255801
9800,58.35997594954904
9801,33.91821042014677
9802,5.576289457025757
9803,6.096825494599763
9804,22.29448673100722
9805,-149.3098349567503
9806,120.95561629550792
9807,39.56241499347587
9808,3.119444740282305
9809,2.250641398069952
9810,45.873719477041064
9811,8.27579021908058
9812,0.41371837905051145
9813,7.548122115007339
9814,-3.789708935983769
9815,-15.88841726937818
9816,-4.055179526908576
9817,6.757517734583402
9818,7.860484484920324
9819,4.512116829711369
9820,8.010945383901037
9821,-2.3232762980341004
9822,1.1052420369248348
9823,0.3422094819729079
9824,243.18896584184105
9825,7.765085617558826
9826,14.532799874286614
9827,-0.45640854333444103
9828,3.4187445716752665
9829,20.77033950397569
9830,-40.55690550106666
9831,13.107408638154752
9832,-13.45360432400517
9833,34.54363108490678
9834,31.475916988156747
9835,-5.187735678002256
9836,0.23121788699455514
9837,14.388363431046479
9838,64.71638440168442
9839,5.766704280016482
9840,21.740853587222773
9841,5.280535419026231
9842,12.304527089205493
9843,19.02518491969422
9844,9.23209050160578
9845,33.86298918245799
9846,12.003549677325251
9847,5.660121372116856
9848,3.6004253087926097
9849,3.147393441912179
9850,17.485995622163617
9851,5.644523393818307
9852,172.6008771713681
9853,59.50065381486104
9854,29.03300451873198
9855,4.586904841453961
9856,623.7892499688713
9857,-484.7178465023685
9858,-32.8825557245254
9859,2.84234809562002
9860,22.77574721945527
9861,5.858535784042387
9862,23.883570678278602
9863,2.0762590945984654
9864,5.628716847806813
9865,-4.045438624404273
9866,-591.057233333132
9867,9.351603273990957
9868,4.723888114896561
9869,53.976700867719046
9870,45.844054493819634
9871,-41.080079239475836
9872,-6.087484069003917
9873,4.913960636433568
9874,184.13458267443298
9875,46.51523646076749
9876,22.351394530152483
9877,32.362797610221385
9878,31.434087445338925
9879,18.679702300668843
9880,10.63503074500811
9881,5.4900599763955
9882,28.868839440388868
9883,-10.559815680413914
9884,611.4628503618364
9885,3.4484220300654975
9886,0.9177116154141235
9887,43.538956739807716
9888,8.292452859923216
9889,66.36999541125644
9890,14.619449836317017
9891,6.602170264645119
9892,-9.819749879535419
9893,128.23994525689272
9894,41.97679399257781
9895,57.434020654018084
9896,23.99708905440017
9897,2.448616382699102
9898,5.368600633173566
9899,7.169908643932002
9900,15.154527460955519
9901,9.415603588105478
9902,30.658742801550815
9903,0.543354867845611
9904,5.883165971024638
9905,15.662543378632904
9906,22.81956195422341
9907,6.014903277507109
9908,1.7134147071849108
9909,256.2857361401906
9910,6.0316144569326635
9911,23.017099652187525
9912,21.33123498114783
9913,-34.05476582412508
9914,-64.25862860630744
9915,2.84554428068839
9916,-8.92384437531741
9917,10.126494588229559
9918,9.048002099095452
9919,11.423842119864968
9920,-1.3356227618182848
9921,1.3114931880618812
9922,6.652015449383017
9923,12.282552241658617
9924,24.06637942495468
9925,9.37976765016192
9926,193.14720476685082
9927,4.78296802110598
9928,25.574270562535013
9929,13.26571430039854
9930,3.597275645166355
9931,168.89975638225695
9932,2.0189738300387243
9933,13.112787040039672
9934,3.2110615037790904
9935,17.132553297116566
9936,90.9944804264795
9937,17.60133976936106
9938,17.610131381049026
9939,12.896558544447768
9940,5.207919499067333
9941,-85.97142762292654
9942,12.646367055250675
9943,400.9055563519659
9944,69.20554428703895
9945,23.209582345319678
9946,12.390704908199833
9947,95.16274227967952
9948,-3133.31004672354
9949,27.26022351158717
9950,17.226277520313143
9951,5.561701610180101
9952,0.33786790403719974
9953,26.968535529636437
9954,1.1951127336909249
9955,5.48921035759735
9956,10.423321461306177
9957,2.126527379612371
9958,56.042867576417194
9959,-4.187265471396627
9960,56.10833187345968
9961,26.92534662660795
9962,3.9045804882845747
9963,5.952227882380532
9964,25.795218027654933
9965,190.6537799214033
9966,-22.95604512468426
9967,30.316558834573645
9968,-2.297575417328017
9969,21.953846068585698
9970,-0.3739903981663593
9971,-5.037895937516064
9972,-2.2876177830924767
9973,-18.1963197391739
9974,0.22729747414760904
9975,-16.693118887840228
9976,110.663819910001
9977,12.53067132167002
9978,36.578902988518365
9979,24.406466279320547
9980,314.0590873351423
9981,50.1290771151413
9982,8.27909495745212
9983,31.013684403151697
9984,9.81716599508352
9985,41.57253720194916
9986,20.438249636720194
9987,33.06437632409897
9988,27.328600458494392
9989,5.338327382668677
9990,5.997154094426254
9991,9.45202474944099
9992,15.401761746313305
9993,4.728438510163246
9994,0.8553155921724641
